id;login;full_name;mother_name;national_id;date_of_birth;gender;phone_number;email;address_line_1;employment_status;registration_date;last_update;nationality;city
1;jubilantly;petticoat mallard mushy;exactly;"437914624776";2024-11-07;FEMALE;"3655047461691";"9?$+4@jysH/S.HPb";mid;UNEMPLOYED;2024-11-07T21:33:29;2024-11-07T02:22:33;LIBYAN;GHARYAN
2;whoa however;fiercely warp heating;ouch;"914791325284";2024-11-06;FEMALE;"78465953063679";"y[@_|.(";airmail commonly before;RETIRED;2024-11-07T06:47:08;2024-11-07T00:21:43;FOREIGN_RESIDENT;GHARYAN
3;gum;knottily westernize yuck;joyfully extremely honestly;"182997303388";2024-11-07;MALE;"+67533294770";"\{@XeH.(n";communicate;EMPLOYED;2024-11-07T12:07:49;2024-11-07T08:50:41;FOREIGN_RESIDENT;ZAWIYA
4;nor before ew;but lest;quarrelsomely;"928551350666";2024-11-07;FEMALE;"+29782739828689";"2A9@7'I.H{u9Yw";to amnesty;UNEMPLOYED;2024-11-07T07:26:32;2024-11-07T00:57:16;FOREIGN_RESIDENT;ZLITEN
5;incidentally as;blissfully paintwork;dimly quicker meanwhile;"735613176036";2024-11-07;MALE;"+6179655433353";"D+@hT?[.w__";yogurt where victoriously;RETIRED;2024-11-07T09:32:55;2024-11-07T13:57:43;FOREIGN_RESIDENT;BENGHAZI
6;intently;soft past;pinstripe degrease shrilly;"373261373532";2024-11-07;FEMALE;"17922006885868";"difOHE@V.kIa!}";obedient toward;UNEMPLOYED;2024-11-07T02:23:31;2024-11-07T01:26:42;LIBYAN;SIRTE
7;soon;brr atop importance;however or remarkable;"870056028522";2024-11-06;MALE;"+61983540264317";"TBf@aRI:Ka.EF";makeover;STUDENT;2024-11-07T22:51:53;2024-11-07T17:09:52;LIBYAN;TOBRUK
9;ack swim towards;healthily probate the;utterly pecan;"778726822469";2024-11-07;MALE;"7744369723";"Aws)|!@!|?.b";foolishly worth lest;RETIRED;2024-11-07T05:34:53;2024-11-07T04:20:22;LIBYAN;MURZUQ
10;graffiti;jumbo specific;exalt;"979783350799";2024-11-07;FEMALE;"+12048310958615";">4E@+p6e.a";excitedly eek fully;EMPLOYED;2024-11-07T15:33:22;2024-11-07T01:01:40;FOREIGN_RESIDENT;GHAT
